Time,Fx (N),Fy (N),Fz (N),Tx (Nm),Ty (Nm),Tz(Nm)
8/25/2025 19:39,-0.005074911,-0.181008041,-0.151413411,0.047349274,-0.000714622,-0.000694412
